user_id,movie_id,rating,review_text,date_rated,minutes_watched
183,364,1.0,Quickly window new power impact close especially analysis by near.,2024-04-10,163.0
85,23,3.0,Position student case order common political bag behind item turn.,2025-08-29,60.0
281,63,4.0,Bring marriage reveal impact day visit camera.,2025-02-08,77.0
62,354,1.0,Hard surface performance scene measure game assume.,2025-05-11,36.0
121,81,2.0,Live true safe itself office.,2024-11-05,109.0
342,215,5.0,Ball from listen fight fund.,2024-04-16,120.0
361,46,1.0,Rather behavior total scene until.,2025-06-15,137.0
477,283,2.0,Very prevent own turn possible stay suddenly.,2024-09-20,44.0
194,51,4.0,Interesting above lot however stuff on born compare create attorney.,2024-05-15,46.0
368,141,3.0,Study article second step national then room modern some.,2025-08-19,57.0
10,323,2.0,You certainly so health manager religious.,2024-06-02,97.0
240,22,4.0,Push ready late couple return act wife wait news eight.,2024-08-12,179.0
202,59,5.0,Common modern call country strong whom hair down.,2025-04-14,90.0
489,212,4.0,Speak which reason customer read behind measure position.,2024-06-01,70.0
220,362,2.0,Respond research physical bank free particular anything.,2023-12-30,84.0
461,428,1.0,Shoulder seven half not happen model security music action quite policy.,2024-01-02,116.0
260,333,5.0,Art stand factor he walk.,2025-10-05,144.0
305,163,2.0,There position head stuff environment year myself day.,2025-03-03,46.0
191,459,1.0,Picture once structure after interesting may practice.,2024-04-28,130.0
258,58,1.0,Fire base defense group along simple opportunity work resource gun.,2024-10-31,103.0
41,90,3.0,Firm who find both agent seek you whatever investment.,2024-07-16,34.0
410,226,2.0,Task government two religious his form.,2025-06-22,32.0
189,317,3.0,Professional investment else pretty.,2024-09-06,86.0
179,463,2.0,Director serious before office ever history reveal there activity chance age.,2024-12-03,145.0
300,143,1.0,Economic this he color become provide phone.,2024-05-25,95.0
203,68,5.0,Democrat include resource degree.,2024-11-09,32.0
68,466,1.0,By coach because section state all provide itself.,2023-12-03,135.0
25,12,3.0,Yes tonight week appear with much all.,2024-04-20,135.0
406,345,3.0,On expect almost learn race dog suggest as.,2024-03-23,66.0
175,452,5.0,Respond other shake last by say factor environmental agreement.,2025-05-02,56.0
445,160,3.0,Continue cultural trial choice raise fear.,2024-02-10,96.0
322,490,4.0,Upon feeling together activity better.,2025-02-18,132.0
17,174,5.0,Item amount another sit must all food.,2025-09-11,66.0
184,296,2.0,Federal lot mission stop bank federal consumer.,2024-10-24,43.0
100,246,5.0,Nature since customer activity rather air its reduce.,2023-11-24,135.0
34,447,1.0,Word per newspaper loss dog eye ahead must term.,2024-11-13,130.0
233,450,2.0,Expect star military stage themselves speech before senior low door involve.,2024-06-13,151.0
198,67,5.0,Rest group media ball tend fine fast set.,2024-07-05,41.0
258,260,3.0,Sing something language particular must so per reach.,2025-02-24,179.0
387,480,5.0,Structure college her military attack sea go thing.,2023-12-24,81.0
295,146,4.0,Order evening teach weight reason town building.,2024-01-22,67.0
330,200,2.0,Real staff kid whole fact work instead international.,2024-04-17,108.0
267,215,3.0,Forward age if seem nothing woman after.,2024-05-17,125.0
54,297,3.0,Mrs down mention relate knowledge other work purpose military nation.,2024-11-27,160.0
222,455,4.0,Stop manager tend other Congress big Mrs what media.,2024-10-25,99.0
385,298,2.0,Four learn weight nothing partner.,2024-06-06,84.0
108,72,3.0,Treat ask Mrs person election the.,2024-11-17,134.0
438,98,3.0,Human nice night recently model movement born land.,2025-08-31,170.0
196,353,1.0,Newspaper not may election paper maintain seat herself bag.,2025-01-10,103.0
252,64,4.0,Eat trouble crime money which everyone home agree.,2025-07-26,148.0
26,458,2.0,Media few open strong prevent dog.,2024-07-02,113.0
476,342,2.0,They would until free company his look crime.,2025-02-24,58.0
286,81,3.0,Staff stand claim human one meet bill author develop make.,2023-11-12,35.0
91,105,2.0,Sometimes seven resource party nice.,2023-12-13,144.0
223,51,4.0,Cut figure participant fish who agree adult compare hit source.,2023-11-13,127.0
178,279,4.0,Prove blue yes after and.,2024-05-22,142.0
183,332,1.0,Focus management painting realize other keep.,2024-03-08,67.0
189,89,1.0,Different character road expert within officer month knowledge.,2024-05-27,99.0
446,46,5.0,Pull executive save onto.,2024-11-16,63.0
269,400,2.0,Exist voice product young education new cold you hard establish.,2023-12-14,76.0
81,233,2.0,Both mind since half allow somebody page rich brother.,2024-11-13,51.0
212,247,5.0,Poor well product court hundred deal.,2024-04-12,84.0
429,394,5.0,Prove sometimes other drug once simply Mr might southern.,2024-01-22,107.0
372,38,3.0,Trip film thought ahead them important up foreign.,2025-08-30,57.0
295,411,3.0,Local door simple seat that western structure.,2025-02-01,58.0
456,101,2.0,General table officer different under anyone trial mention new.,2024-03-01,147.0
351,125,1.0,Significant current second base half short attack.,2025-02-25,89.0
400,398,2.0,Our his really talk red figure.,2023-12-02,140.0
186,382,5.0,Low value message even while arm yet tend grow opportunity walk.,2024-04-10,68.0
490,206,2.0,Care speech against safe drop agency design hold.,2025-05-19,137.0
477,415,4.0,Successful matter form necessary individual list.,2024-10-30,155.0
187,438,1.0,Quality bank choose here floor professional hear.,2024-06-04,98.0
116,203,3.0,Production great machine follow nation fight office.,2025-03-31,119.0
491,430,5.0,Possible else half professor perhaps save very.,2025-08-20,84.0
213,415,5.0,Food stock that always experience everybody specific stuff.,2025-09-26,80.0
458,472,3.0,Listen single choose authority action animal lay century.,2025-06-23,113.0
386,288,1.0,Describe enough down instead end yes little natural help get.,2024-05-08,97.0
153,256,2.0,Congress near fine sit heavy drive particularly.,2025-03-05,127.0
209,107,4.0,System tend vote growth become how friend many.,2024-04-11,152.0
178,145,2.0,Statement necessary hour billion fly director door black.,2025-09-16,99.0
125,422,4.0,Who nothing no college interesting.,2024-09-27,93.0
258,356,2.0,Type along society idea long.,2024-04-02,39.0
5,408,5.0,Unit exist various difference school.,2024-12-27,84.0
357,458,1.0,Seven analysis federal beat lawyer before peace.,2024-05-24,93.0
236,406,1.0,Middle important phone reality federal environment course specific concern student.,2025-05-06,94.0
392,273,3.0,Charge front by hear reality nice everything movement.,2024-10-14,50.0
65,301,2.0,Around actually quite include difficult might.,2024-08-25,82.0
431,391,5.0,Me agency trip service until miss since after.,2024-10-15,104.0
277,254,1.0,Last ask amount serious I mouth.,2025-10-14,30.0
453,218,5.0,Record group cover every fear.,2025-06-15,93.0
132,51,1.0,Technology environmental sound mention possible area.,2025-09-11,66.0
34,259,1.0,Laugh manage catch program attention try room.,2024-03-14,102.0
82,367,4.0,Science risk human fear image moment.,2024-04-21,75.0
267,13,1.0,Year nature today dinner item ready real.,2024-11-12,101.0
478,199,5.0,Design paper though break always live forget reflect off third.,2024-05-13,45.0
14,12,3.0,Machine know reach represent now field matter nice.,2024-08-19,31.0
321,320,1.0,Magazine future remain police score surface sister.,2024-10-05,49.0
136,466,3.0,Significant close court assume home key middle wrong pretty.,2024-11-06,77.0
402,298,2.0,Boy so determine often risk a discover bar.,2023-12-24,136.0
356,295,4.0,Eye describe across us article best such high food hand.,2025-09-29,144.0
137,292,3.0,Strong five town technology control without establish bring writer.,2023-11-23,48.0
120,304,1.0,Our sure method population throw especially animal.,2024-02-17,99.0
164,281,2.0,Sometimes remember expert power writer film later shoulder consider.,2024-05-14,142.0
295,97,4.0,Future charge four popular college environmental.,2024-01-19,77.0
18,248,2.0,Nearly local religious home different responsibility factor.,2025-09-19,92.0
42,283,2.0,Nice bit attack year fight doctor north without matter.,2024-05-31,94.0
309,31,5.0,Because firm pressure collection film like thus network scene leader.,2025-08-05,56.0
182,311,1.0,Federal worry during son necessary mouth although do attention challenge.,2024-07-17,74.0
81,489,4.0,Cultural table enjoy by view former.,2024-12-16,91.0
130,421,4.0,Power huge six good statement no.,2024-01-31,64.0
219,261,4.0,Tell exist call start loss under.,2025-03-16,31.0
67,285,2.0,Clear positive hit try option add huge man.,2024-03-08,141.0
473,441,1.0,Manage bring allow water country nearly serious itself carry exactly.,2025-03-24,148.0
106,187,4.0,Natural subject too ahead factor interesting community pick.,2024-07-30,49.0
23,69,4.0,Program admit a already treat physical walk she.,2024-08-27,172.0
296,212,1.0,Fact design officer member store number.,2024-04-01,122.0
426,241,1.0,Team color protect fund involve.,2024-08-26,99.0
65,296,4.0,Official yes drop simply world fish.,2024-12-07,174.0
104,33,3.0,Especially learn manager beat fight standard.,2025-04-09,179.0
272,381,1.0,If who treat quality important bank character point.,2025-03-24,124.0
302,185,3.0,At knowledge well offer pattern.,2025-07-23,147.0
481,186,2.0,Reality run final weight end put themselves spend brother against politics.,2025-02-19,76.0
326,245,1.0,Reality life body although agency who cover.,2024-03-02,53.0
62,312,4.0,Staff main similar power special some chance night increase manager.,2025-02-08,159.0
366,292,5.0,Some dream future common draw most because out.,2025-10-12,95.0
403,90,3.0,Radio nice today produce life under total low red.,2024-03-01,103.0
272,478,,Approach success off former account wind great sign.,2023-11-27,95.0
281,115,5.0,State respond loss because direction.,2023-12-10,137.0
345,38,5.0,Sit identify box provide water institution teacher candidate.,2024-10-19,166.0
164,2,4.0,Over card through red firm water relate.,2025-04-04,111.0
320,13,5.0,No successful want within five.,2025-08-03,157.0
369,488,3.0,Their expect base help early hair fund fact she.,2024-08-13,52.0
226,426,1.0,Investment even himself since.,2024-04-18,138.0
121,492,2.0,Enter outside skin perhaps enjoy individual.,2025-07-07,89.0
134,444,5.0,Themselves operation main anyone follow business protect threat clear her.,2025-07-10,54.0
79,36,4.0,Civil capital see throughout experience avoid instead.,2025-04-07,121.0
20,16,5.0,Station effect star popular particular standard keep political conference.,2024-04-23,77.0
456,264,1.0,Mean well foot of firm poor hot group point.,2025-08-29,125.0
403,310,5.0,Value voice rather trial city there quality woman nothing start institution.,2025-07-23,165.0
2,392,4.0,Understand old simple national area.,2024-09-14,157.0
347,259,4.0,Themselves manage few be after song even ready represent.,2023-12-22,84.0
187,468,5.0,Image reach after cut drive affect evening red response.,2025-07-02,177.0
119,239,2.0,Across radio father thousand ability poor know pay theory road.,2024-10-24,177.0
409,307,4.0,Hour avoid as very if huge indeed.,2025-10-09,90.0
52,232,1.0,Television pressure so involve argue church cultural eye challenge.,2024-07-09,31.0
477,125,5.0,Different member box condition because probably huge.,2025-10-26,82.0
318,320,4.0,Pattern edge home these affect since full choose throughout religious candidate.,2024-03-30,95.0
382,231,3.0,Word within newspaper home space if.,2025-05-08,149.0
421,363,1.0,Mission question subject billion what paper situation improve.,2024-03-26,143.0
330,51,5.0,Begin Congress able also step.,2025-05-17,93.0
487,89,5.0,Ten toward two recognize week alone.,2024-03-14,172.0
359,236,3.0,Pattern artist poor often prepare test race into.,2025-10-30,175.0
292,111,3.0,Woman relate themselves gas campaign building subject most major agency.,2024-05-02,126.0
231,257,1.0,Certainly beautiful religious each behavior director science.,2024-09-07,156.0
484,338,2.0,The foot shoulder line participant alone choose west research kitchen air.,2025-02-19,164.0
37,407,4.0,Mouth before American PM expert consumer itself.,2024-11-15,129.0
58,448,5.0,Analysis system radio now movie turn far concern part eat.,2025-02-27,164.0
63,333,5.0,Nature education high evidence create star town.,2025-07-27,171.0
473,321,4.0,Community the possible where outside employee.,2024-06-15,41.0
123,110,4.0,Investment state myself assume you quickly detail one.,2025-02-19,166.0
324,459,5.0,Catch office body movement his financial.,2024-05-06,101.0
1,288,4.0,Including skin field stand production that before create evidence.,2024-08-07,136.0
238,362,5.0,To teacher year bar special news Mrs bank difficult.,2024-08-07,85.0
447,37,3.0,Sell technology audience play image parent day I.,2025-04-21,81.0
264,375,4.0,By middle explain yard under drop success girl born statement.,2023-11-20,62.0
457,132,5.0,Board success line amount share again discussion quickly although.,2025-02-05,144.0
59,176,2.0,,2025-04-20,45.0
476,93,5.0,Through born way under fast occur most.,2025-03-11,54.0
133,354,2.0,Boy of analysis food reduce and face alone do answer.,2025-10-28,113.0
336,207,2.0,Service off fear that must.,2023-11-22,113.0
92,122,5.0,Notice letter space enough foreign.,2025-03-12,111.0
266,145,3.0,Sort final make expert population.,2025-05-10,122.0
324,218,3.0,Ask consumer particular onto look safe.,2024-09-10,145.0
463,238,4.0,Part information respond artist range stage listen TV.,2024-04-09,87.0
335,148,4.0,Part address start short real.,2024-01-01,41.0
180,232,4.0,Part crime material black rather game fact western activity.,2025-09-20,140.0
205,297,1.0,Suffer institution late choose fear side.,2025-05-31,111.0
294,2,1.0,Break not hair hospital institution black kitchen treatment.,2024-11-20,132.0
137,165,5.0,Describe stage home more stand.,2024-06-28,78.0
359,351,4.0,Gas them same sometimes situation up.,2025-03-24,128.0
304,44,2.0,Pressure difficult number spring step college foreign speech.,2024-04-04,127.0
362,258,5.0,Yard push include movement bag skill base.,2023-11-13,48.0
265,332,2.0,Parent hour policy tough hospital both avoid prevent.,2025-01-18,51.0
47,105,2.0,There these shoulder reason stock tree attack pass because.,2024-03-20,104.0
125,46,2.0,Ready free end born particular stuff.,2025-01-27,76.0
107,86,2.0,Cell performance shoulder necessary speech.,2025-06-09,83.0
402,75,3.0,Much scientist win onto memory suffer wait trade.,2024-04-09,168.0
448,413,3.0,Finish key summer hair should none apply choose.,2024-03-25,86.0
376,180,3.0,Where particularly southern paper rather do foreign.,2024-11-15,128.0
23,236,5.0,Resource serious new word pressure unit theory certainly matter central.,2025-09-01,71.0
252,465,2.0,Situation pass politics behavior minute about him magazine address owner.,2025-03-16,137.0
469,431,3.0,Scientist PM group number happen five.,2025-01-11,108.0
235,451,4.0,Beautiful area hold fight really administration close decision station choice.,2024-06-08,168.0
139,109,1.0,Participant own thank join some growth space leader.,2025-01-24,30.0
320,223,2.0,Wall society beautiful full wonder certain.,2025-04-07,46.0
247,163,3.0,Conference close house single fight note no reason mean.,2024-10-27,121.0
159,296,3.0,Opportunity single his until thousand she base although.,2023-12-12,120.0
246,286,2.0,Real finally area wide sport read general friend.,2024-02-21,133.0
387,258,3.0,Writer development with tell animal set question to business budget.,2025-03-16,43.0
388,134,2.0,Out dinner place hot minute.,2024-08-26,52.0
310,403,2.0,Catch community interesting ago among determine according.,2024-10-24,58.0
464,469,1.0,Both discover ask before.,2024-05-04,56.0
295,148,5.0,Carry blue way guy finish run particular.,2024-08-07,66.0
129,373,1.0,Bit foreign audience speak.,2024-12-15,110.0
104,481,4.0,Foot prevent style cup reveal enjoy along.,2023-11-27,115.0
109,403,2.0,Out series just heart economy summer eye college.,2024-08-24,110.0
121,99,5.0,System next leg fire play audience down local already visit.,2024-11-02,32.0
30,356,1.0,Suddenly win responsibility yes hair wall least.,2025-11-04,48.0
15,46,1.0,Develop sit door base with discussion level cover party.,2025-10-30,164.0
276,426,4.0,Social population fly space sometimes bit.,2025-01-23,63.0
403,340,2.0,International similar seem citizen time reason exist gas idea ahead cold.,2024-09-27,74.0
286,478,3.0,Read far its great quality feel best physical soldier.,2024-10-06,145.0
476,183,2.0,Old partner because tend market role set state.,2025-03-20,147.0
416,92,3.0,Rich voice enough and.,2025-05-16,38.0
455,189,4.0,White catch pay score.,2024-08-18,51.0
451,265,1.0,College rich first peace detail ball amount why rise soon affect.,2024-05-26,99.0
107,213,3.0,Ten term together prove voice mean.,2025-08-31,176.0
61,141,4.0,Defense clear behavior base bed spring boy newspaper.,2025-05-03,102.0
72,365,5.0,Organization world send song raise.,2024-02-06,136.0
24,462,1.0,Ball woman four remain will.,2025-09-08,40.0
301,46,4.0,Administration born argue year decision mother activity necessary push.,2025-02-04,128.0
227,178,3.0,Baby cut fine law.,2024-12-28,102.0
114,184,5.0,Everyone change laugh subject risk family even guess throughout.,2025-02-15,114.0
130,97,4.0,Action always specific Mrs goal kind.,2025-02-05,67.0
244,292,5.0,Whatever theory military none half exactly thousand matter possible environmental.,2025-05-07,129.0
40,172,2.0,Country identify summer stay series strategy little treat provide choice.,2023-12-14,128.0
431,431,3.0,See without fast source though.,2024-09-27,146.0
394,71,4.0,Once son soldier as our whole system.,2025-01-16,82.0
33,212,3.0,Chance face himself area office state writer nor difficult religious.,2025-05-20,111.0
145,450,2.0,Claim my wife walk car music newspaper office.,2024-06-11,55.0
238,488,3.0,Who modern network management course guess individual yourself art hotel.,2025-03-13,133.0
331,65,1.0,Before fill theory parent mention seven care would my.,2025-03-12,53.0
441,33,2.0,Paper eat how when source finally green.,2024-09-24,98.0
355,254,4.0,Hair threat young special fly.,2025-06-01,135.0
391,250,1.0,Interesting far fly few high game.,2024-10-05,141.0
313,66,5.0,Now practice image certainly what paper language low.,2024-08-28,104.0
13,132,2.0,Prepare yet control tend evening environmental.,2025-02-01,165.0
386,98,5.0,Worker his big such force happen money picture especially.,2024-07-14,105.0
382,339,2.0,Change simply good night organization shake accept market.,2024-09-06,36.0
294,330,3.0,Still finish major now age yes camera.,2024-02-29,35.0
224,455,1.0,Bag represent analysis firm fill born we.,2024-12-26,71.0
340,214,1.0,Local plan soldier first maintain finally air option high carry language.,2024-09-21,47.0
442,120,5.0,Less really letter spend probably board hour moment.,2024-06-12,160.0
59,335,5.0,Cause argue third song use stop near enjoy.,2024-03-29,137.0
59,464,3.0,Charge amount available challenge of consider nature several.,2025-09-28,114.0
482,81,3.0,Stage science never receive about every another southern yeah.,2023-12-07,107.0
291,222,1.0,Enjoy series do military commercial focus manage.,2023-11-25,30.0
104,396,4.0,Newspaper rich main story receive.,2023-12-07,89.0
412,417,4.0,Network film admit strong next manage.,2025-10-15,158.0
266,117,4.0,Drug trade instead care arrive beat same poor value pay.,2025-03-29,77.0
244,248,1.0,His check police do share analysis.,2024-10-11,99.0
74,381,2.0,Four a important detail source agency doctor recognize rate before.,2024-10-29,46.0
453,42,4.0,Business himself develop night western eight.,2023-11-20,112.0
470,131,5.0,Run institution raise across strong.,2025-04-09,116.0
34,406,3.0,History beautiful end box social decide buy.,2024-05-27,102.0
404,110,3.0,Could realize none near that against current majority.,2024-10-07,55.0
190,108,2.0,Single catch watch room huge act majority size station.,2025-06-20,88.0
443,475,3.0,Indicate test house contain address woman town.,2025-07-26,164.0
80,343,5.0,Main short expert with watch method career senior story question.,2024-04-21,161.0
266,150,4.0,Community home successful forward particularly majority land six in.,2024-05-29,62.0
166,339,5.0,Picture design interesting quite item maintain.,2024-01-19,94.0
457,122,3.0,Decade particular election environment third interesting.,2025-02-24,87.0
278,490,1.0,Hard official myself director positive.,2025-02-06,82.0
354,29,2.0,Guy join art north blue play our.,2025-07-23,142.0
21,220,4.0,Behavior few mother good what organization.,2025-08-05,169.0
440,263,2.0,Play white wall oil think media somebody describe mean.,2025-04-27,113.0
248,327,1.0,Forget sign network culture majority player.,2024-02-01,68.0
183,30,1.0,Real thus none well quickly community eye property.,2025-01-23,30.0
226,77,2.0,Guess argue purpose music my trade wonder.,2024-08-17,109.0
196,482,1.0,Art most write live meet me make happen.,2024-01-29,30.0
67,452,5.0,State concern this improve century pick attorney democratic hope low.,2024-12-30,109.0
389,262,3.0,Summer agree edge born building yes country any.,2023-11-29,145.0
260,128,3.0,Card behavior I course rather employee field future democratic simply.,2024-08-05,133.0
6,11,3.0,Before that continue question other very board spring.,2024-02-21,140.0
140,346,5.0,Rather director direction nearly weight per military.,2024-06-05,178.0
17,446,3.0,Evening station around cause fear lawyer send Congress.,2025-07-28,142.0
432,309,1.0,Between approach wife fund what develop democratic decade do read.,2024-09-15,108.0
122,201,4.0,Born writer task floor force program life society.,2024-06-25,160.0
138,156,1.0,Miss here difference sport sport bit.,2025-08-07,78.0
22,324,1.0,Into on eye mother campaign world term decade.,2024-10-31,108.0
447,186,4.0,Receive our card government professional letter language science mention act.,2025-02-15,123.0
483,450,2.0,Shoulder green tough political age.,2024-08-04,109.0
224,415,2.0,Pay glass foot go history bank should success catch.,2024-07-15,130.0
137,172,4.0,Indicate bank according house state order point.,2025-09-13,91.0
419,308,1.0,Fire improve direction chance poor.,2024-02-21,58.0
265,430,5.0,Stand sit majority team former.,2024-01-10,87.0
242,132,2.0,Brother affect capital hospital.,2025-06-18,172.0
193,251,2.0,Memory wrong language apply finally later small far.,2025-09-16,101.0
333,341,3.0,Everybody determine sister deep entire throughout.,2025-09-25,120.0
387,217,3.0,Time use too suffer available TV know some.,2024-05-27,62.0
167,466,4.0,Each moment about amount understand like weight on today.,2024-09-09,58.0
320,198,5.0,Bank work usually mention rate price agreement can local.,2024-03-02,44.0
491,416,3.0,Boy itself letter matter far score.,2025-10-10,127.0
418,49,1.0,On economic home apply well card.,2024-02-25,131.0
303,365,4.0,Leader financial must perhaps kid they commercial open.,2024-11-30,50.0
284,223,4.0,Car deal shake theory author stock less deal late.,2024-05-12,141.0
480,97,1.0,Always skin season statement next.,2024-09-03,63.0
222,477,3.0,Not thought write employee level close film central.,2025-09-19,43.0
491,137,4.0,Pressure will career language recently national.,2024-01-21,110.0
436,97,2.0,Rest represent each however couple newspaper.,2024-12-21,136.0
174,389,2.0,Whether common cover future fund the only story stage rest cover.,2025-05-14,156.0
462,5,3.0,Film difference mouth news.,2024-06-20,121.0
132,358,4.0,Machine war address east he certain company.,2023-12-11,89.0
326,334,4.0,,2025-07-06,39.0
5,390,5.0,Might anything realize political anything step side need day.,2023-12-14,41.0
216,84,2.0,Not city identify debate thank water professional turn.,2025-03-12,42.0
392,121,5.0,Foreign join owner together color coach green place view.,2025-01-06,128.0
181,196,5.0,Deep bed paper interest rule treatment season physical military.,2023-12-20,167.0
405,200,4.0,North they push wonder crime back.,2024-03-12,35.0
240,194,1.0,Administration partner with you it step window close.,2025-07-09,156.0
358,292,2.0,Stay successful available how little lawyer anyone big believe.,2025-09-19,31.0
210,134,5.0,Fight visit others because agent part.,2024-12-23,54.0
391,62,3.0,South tonight perhaps toward not increase prepare.,2025-02-03,142.0
267,182,4.0,Hour rather Congress risk significant thought see.,2025-06-20,173.0
152,494,5.0,Budget about free her heart.,2024-07-07,118.0
281,355,3.0,Choose real second that home pull room experience hot.,2024-11-10,138.0
416,310,3.0,No everyone there executive.,2024-10-15,125.0
25,164,2.0,Able wait head religious here all.,2024-07-11,77.0
127,238,5.0,Nor use south white space opportunity since put.,2025-01-31,137.0
239,125,3.0,Man her member near fill important quality when official add.,2025-10-05,33.0
486,390,5.0,Draw usually politics us draw step.,2025-07-19,64.0
168,224,3.0,Here daughter girl imagine me card animal huge government more attack.,2025-09-05,114.0
389,169,3.0,Mr local sign see however red she election plant contain.,2025-07-17,179.0
162,182,2.0,Interest consider drug ability enter task draw break give.,2025-02-15,141.0
376,297,1.0,Republican newspaper add address community throw.,2025-06-23,113.0
5,179,3.0,Require visit field staff east end organization identify.,2025-05-22,151.0
101,382,5.0,Security clearly service soldier to Republican technology involve.,2025-01-21,112.0
429,492,5.0,Only your sense whole light ok senior.,2024-08-14,69.0
72,68,4.0,Structure sister blue minute job.,2024-03-13,36.0
5,316,2.0,Resource yard structure campaign kind build.,2025-02-08,31.0
426,65,3.0,Through task budget send.,2023-11-18,42.0
123,8,1.0,Pattern language large education become child.,2024-05-22,165.0
469,88,2.0,Last simply beat actually school board.,2025-05-15,100.0
85,64,1.0,Course apply again feel among central interesting weight.,2025-04-09,81.0
409,50,5.0,Fine loss traditional share religious sound car art.,2025-04-15,144.0
415,312,4.0,Radio challenge else energy whom feeling stand before capital unit alone.,2024-03-10,39.0
128,46,1.0,Water bit serious evidence door statement miss set century join.,2024-10-21,151.0
7,294,5.0,Always history book character science forward identify specific claim mission.,2024-08-10,30.0
180,175,1.0,General receive management might third pressure him black building.,2024-08-14,35.0
481,3,1.0,Word plant feeling nor value cut analysis budget light look.,2025-09-18,77.0
396,313,2.0,Interview stand into identify sport current second whether.,2024-12-29,143.0
359,369,4.0,Team discuss reduce throw consumer stage.,2024-04-04,60.0
404,472,3.0,,2024-03-23,126.0
291,419,5.0,Positive level case away teacher entire production understand catch.,2025-01-26,88.0
452,85,3.0,Night art development woman really vote accept.,2025-01-13,118.0
154,79,5.0,Visit college above much action.,2025-01-13,134.0
392,83,4.0,Key rise fall yourself.,2025-08-13,165.0
469,193,5.0,Find really room admit both small likely.,2025-05-30,117.0
256,397,4.0,Magazine employee so special force prove ask.,2025-04-27,163.0
316,117,1.0,According sometimes race man father everything factor.,2024-03-26,160.0
250,78,5.0,Change total sport without write design resource hotel some office.,2024-02-25,121.0
157,171,1.0,Voice court against drop school woman born summer seven front.,2025-06-17,140.0
251,148,1.0,Guess relate person capital local hard.,2024-06-05,63.0
308,426,3.0,Part program should particular positive body national pretty.,2024-11-20,157.0
306,159,3.0,Bad science hundred after action public account happy.,2025-07-22,31.0
267,490,2.0,On soon participant matter manage by.,2023-12-02,120.0
350,470,5.0,Consumer assume will player car serve music.,2024-03-31,35.0
339,339,2.0,Chance light laugh section require security.,2025-05-25,118.0
307,12,3.0,However share thousand ability someone important month stage.,2024-03-01,98.0
317,109,3.0,Sure bed should blood according.,2024-06-01,134.0
217,29,5.0,Official beautiful nice factor forget style kitchen.,2024-06-17,147.0
160,326,1.0,Contain spring lose six write station.,2024-10-16,102.0
337,315,5.0,Then take need economic again door.,2025-09-21,132.0
465,51,4.0,Name last such team else partner your message appear.,2024-04-24,58.0
388,408,2.0,Able her pattern people enjoy never someone lot.,2024-08-10,97.0
121,480,4.0,Exactly front run position detail born since certainly edge light.,2024-11-28,124.0
56,229,5.0,Before school off age during sit beyond.,2025-05-10,65.0
183,138,2.0,Life east support spend notice institution far.,2025-02-21,168.0
262,300,4.0,Factor stop interview leg green individual ten and have trial.,2025-08-04,108.0
168,405,4.0,Attention ok room decision seat rate.,2025-06-08,97.0
150,405,4.0,Own scientist generation mind.,2024-06-18,34.0
241,353,5.0,Success age stock event factor company let such food look.,2025-05-16,160.0
358,88,4.0,Statement available candidate sure market scientist political once out language.,2024-08-16,121.0
185,175,4.0,Just behavior eye bag because take.,2024-09-29,100.0
131,263,4.0,Commercial road according wait lose rather appear.,2023-11-16,75.0
278,54,4.0,The reduce general court issue size social everything.,2024-11-22,177.0
56,88,3.0,Phone foreign morning those southern range serve.,2023-12-04,94.0
59,150,3.0,Language still effect parent talk.,,77.0
268,47,1.0,Identify many result structure staff fish end every.,2024-09-29,78.0
73,211,2.0,Marriage activity sing evidence enough piece behind teach.,2024-10-15,175.0
130,246,5.0,International range knowledge make serious garden democratic account.,2025-05-16,179.0
370,384,5.0,System hold exist attorney remember.,2024-01-19,97.0
471,12,4.0,Point resource part indicate minute term final your leader hope.,2024-02-24,146.0
375,206,1.0,Huge summer something all product name.,2024-10-14,53.0
63,234,4.0,Degree statement their what production protect theory.,2024-05-19,77.0
370,485,1.0,Main indicate full crime upon possible interview especially quite nearly.,2023-11-12,153.0
12,258,2.0,Fight general pressure discover girl under need range.,2024-11-23,101.0
409,367,5.0,Task charge few share today federal soldier anyone popular partner return.,2024-04-03,64.0
31,451,5.0,In morning mind yard player.,2024-06-04,82.0
9,36,4.0,Score child consider industry than new story expect no.,2024-04-18,135.0
154,198,2.0,Realize return box music say perform follow fund than reflect.,2024-01-01,117.0
24,30,1.0,Place ask serve yourself heavy.,2024-05-12,110.0
112,202,4.0,Value line Democrat support husband public.,2024-05-31,137.0
453,247,3.0,Store beat Mr anyone week.,2024-11-05,78.0
466,201,4.0,Hold story room may better easy.,2025-06-08,59.0
253,122,5.0,Large raise month thought doctor role soon involve enjoy.,2024-08-09,98.0
448,323,2.0,Deep mission husband however answer.,2025-04-25,82.0
394,163,4.0,Four town include occur article.,2024-12-19,85.0
307,293,5.0,Affect including natural opportunity occur tell those walk all government.,2024-10-05,31.0
255,14,5.0,Stuff western music southern in create improve better recognize.,2025-03-26,115.0
233,128,1.0,These I keep analysis rule.,2024-07-15,80.0
11,480,1.0,Staff example computer should number star across stop particular himself.,2024-11-21,149.0
26,78,1.0,Yourself floor American change suggest loss entire win particularly.,2024-02-20,115.0
163,445,4.0,Discussion voice today special investment attorney cost serve.,2024-08-23,130.0
134,447,2.0,Choice east effect rate number popular range compare.,2024-09-16,101.0
222,294,5.0,Stop child arrive wait from age something car friend either.,2024-02-12,65.0
118,242,4.0,Indeed get every option job method reality money gas operation.,2024-09-21,41.0
379,170,5.0,Modern evidence back traditional dog.,2024-04-19,57.0
210,60,5.0,Foreign perform manage dinner apply.,2025-02-26,122.0
349,67,1.0,Stuff better great hard store grow its.,2024-09-03,61.0
212,71,4.0,Pattern it discover data everything product blood local after let.,2024-03-14,71.0
396,388,1.0,Air standard image trouble very top either pay able field.,2025-09-22,81.0
173,348,3.0,Late gas take beat that child policy prevent business view.,2024-10-04,92.0
116,185,3.0,Agreement drop order employee for this discuss short officer discussion wonder.,2025-03-30,128.0
464,119,2.0,Rule fear why Republican air per seven prove gun compare.,2025-10-05,167.0
108,49,4.0,Class become business heart go local tax lead five rich.,2025-02-08,152.0
425,235,3.0,Attention almost my finally and.,2024-07-25,80.0
273,483,1.0,Growth my ever others go after skin later.,2024-02-09,170.0
396,484,3.0,Blood concern cover machine style mean may simply.,2024-03-20,173.0
220,154,1.0,Than animal skill record want analysis analysis security court impact.,2024-11-07,108.0
450,456,5.0,None boy production outside.,2024-10-05,67.0
135,16,5.0,Participant yourself physical figure white investment Mr over.,2024-01-31,65.0
340,337,2.0,These fire from surface near.,2023-12-26,128.0
133,183,3.0,Central result new would sea girl under drug analysis size.,2025-09-26,34.0
338,268,5.0,Hair wrong scene class fly throw music season out.,2025-02-10,63.0
270,252,4.0,Traditional training party role table much low.,2025-08-03,45.0
277,408,4.0,Wear follow which citizen compare discover add free.,2025-06-13,67.0
445,297,3.0,Trouble third the health need technology reveal notice.,2024-05-30,170.0
249,422,5.0,Themselves baby business front per.,2023-11-23,89.0
136,413,2.0,Care relate attack food group natural foreign public.,2025-02-03,157.0
90,87,1.0,Guy plan thought easy not avoid health staff.,2024-04-13,75.0
380,480,4.0,Lead mind control risk year third pick.,2024-11-07,179.0
366,96,2.0,Assume attack paper carry main.,2025-03-05,111.0
276,271,4.0,Matter recently others writer piece television whom surface main factor role.,2024-08-07,76.0
137,290,2.0,Range imagine enjoy away final.,2025-04-05,150.0
405,81,2.0,There important scientist focus whose hold.,2023-12-17,173.0
345,472,3.0,Head many more life loss mouth garden.,2025-07-19,139.0
349,198,1.0,Several teacher member personal alone try necessary.,2025-09-25,143.0
488,324,2.0,Usually need whose conference Congress worry have draw best.,2025-06-29,129.0
337,25,4.0,Own member animal call remain.,2025-03-27,115.0
414,361,5.0,Environmental training somebody door student.,2025-02-03,83.0
176,83,3.0,Way onto mouth base nice eight attorney soon.,2025-03-02,149.0
444,199,5.0,High mean similar develop rise land meet save environment by.,2025-09-28,82.0
446,255,1.0,Despite smile common admit race leader artist power action.,2024-04-23,73.0
316,344,4.0,Rich service political rock Mrs approach hand respond.,2025-04-24,97.0
383,229,1.0,Off time understand while those machine adult president today represent.,2025-10-05,146.0
75,340,4.0,Scientist how hand visit nearly team huge others.,2025-08-28,30.0
166,53,3.0,Public on scientist thus agent personal kitchen.,2025-07-12,145.0
220,349,3.0,Involve leader face mother course player amount mission themselves.,2024-11-27,86.0
346,324,3.0,Low across own open magazine page treatment only sometimes.,2025-10-26,64.0
114,1,4.0,Mission able religious suddenly identify likely.,2025-03-17,165.0
131,484,3.0,Note wind store cover arm.,2025-10-19,48.0
153,196,1.0,Seek crime sea player tonight war.,2025-10-05,34.0
480,425,1.0,Simply thus short north report either name.,2025-01-15,119.0
247,450,2.0,Position lawyer yourself risk foreign production.,2024-07-22,34.0
3,472,5.0,Learn forget entire treatment gas rise affect power discuss.,2025-09-13,146.0
23,285,2.0,Majority tend watch image instead difficult.,2025-09-05,40.0
334,138,1.0,Station energy white lay factor you set high.,2025-01-03,142.0
162,36,3.0,Direction because rise partner evening set up mother.,2025-03-03,136.0
454,4,3.0,Thought cell new firm space interest.,2024-06-25,103.0
174,235,4.0,Public school open free.,2025-01-24,176.0
226,177,5.0,Sense game short east give dark partner.,2025-02-03,82.0
340,42,4.0,Image set property hand five take bag prepare.,2025-04-14,115.0
432,343,4.0,Hospital occur trouble something end himself everybody sometimes child whole.,2023-11-28,166.0
469,212,4.0,Guess when medical history suffer science piece Republican.,2025-01-19,148.0
189,247,5.0,Garden real seat tax yeah military even standard professor coach.,2025-08-13,153.0
498,307,2.0,Involve husband main open sign sit truth figure.,2025-08-13,51.0
376,385,4.0,Environmental begin poor rich employee development.,2025-03-10,84.0
355,291,2.0,Myself probably hand small oil production down usually for.,2024-08-12,176.0
484,351,1.0,Each authority near author true human key focus.,2025-05-06,57.0
18,54,5.0,Discuss experience decision including.,2025-02-05,162.0
114,78,2.0,Food which show interview cell never public attention spring.,2024-04-26,146.0
452,133,3.0,Beyond for its second arrive morning what need card fall.,2023-12-01,150.0
492,359,1.0,Sign body attorney town thing how set as.,2025-01-25,164.0
468,46,5.0,Enjoy change call effort skill home indicate prove.,2024-09-28,159.0
426,352,2.0,As sing nature theory participant full town information.,2024-11-07,59.0
346,382,4.0,Drive case poor president family strong.,2024-07-04,101.0
170,44,2.0,Else various work issue process check student with specific.,2025-06-19,62.0
211,105,1.0,Worker stay station recognize to moment because.,2024-10-23,161.0
55,217,4.0,Movie method message movie nothing start glass.,2024-11-20,45.0
119,405,2.0,Learn hold color nature trip.,2025-08-26,169.0
97,119,3.0,My determine owner bill vote seat marriage million.,2025-10-10,106.0
465,334,4.0,Step star avoid author.,2024-04-19,79.0
293,65,1.0,Down something person community either first no million.,2025-03-17,115.0
7,307,1.0,Data remain assume behavior prevent a economic everyone pretty front.,2025-02-22,120.0
314,185,1.0,Successful dark clear without point.,2025-08-29,92.0
2,269,3.0,Keep still writer operation town likely thousand.,2025-08-26,139.0
481,91,5.0,Who worker low industry cup.,2025-10-29,123.0
487,296,5.0,Tend customer manager property throw.,2025-09-06,101.0
302,37,2.0,Subject anyone less strategy else yourself.,2025-09-19,127.0
33,51,4.0,Or many reduce yard surface rock interesting now issue garden.,2025-02-21,137.0
232,22,4.0,Prevent feel course executive front tend actually once often generation trip.,2024-05-26,165.0
340,428,5.0,Sure ball commercial can knowledge.,2025-11-08,166.0
77,14,1.0,He such account company difficult.,2023-12-16,138.0
354,91,4.0,Single center training cultural material.,2025-07-09,147.0
378,469,2.0,Important lay research especially back feel.,2025-01-06,75.0
262,500,5.0,Blue option lawyer federal customer pass poor.,2025-07-19,92.0
440,413,,Very single dream whole themselves seat doctor four note training.,2024-07-13,103.0
190,196,4.0,Just yet season individual.,2025-09-28,58.0
80,111,2.0,Tough hand yourself surface position.,2024-09-16,99.0
487,464,1.0,Receive anything why almost particularly.,2024-12-09,174.0
153,194,5.0,Fund surface then available however apply later network.,2024-03-23,162.0
181,235,4.0,Live theory nothing those kitchen.,2023-12-11,123.0
11,450,4.0,Thing job poor keep different stand television hear evidence rather.,2025-11-02,118.0
244,464,4.0,May fall democratic son score least.,2024-07-03,145.0
340,413,3.0,National through defense about paper job begin magazine do collection.,2024-06-15,103.0
12,245,2.0,Yes wall class fine care.,2025-01-31,33.0
426,404,1.0,Miss let model difference husband bag modern hand.,2024-10-22,103.0
9,47,4.0,Economic half could forget example.,2024-12-04,147.0
198,44,5.0,Test either unit now four price because administration little cell.,2024-08-12,150.0
451,123,5.0,Find research child customer painting cold.,2024-08-29,86.0
201,456,1.0,Relate teacher great quickly music worker example article.,2024-07-12,74.0
444,459,2.0,Population in compare begin price institution heavy none letter.,2024-05-17,31.0
166,471,4.0,We room appear task growth spend personal anything minute move.,2025-02-19,107.0
356,368,4.0,Democratic that try business claim thing word.,2024-07-08,140.0
397,89,4.0,Career apply style allow view west instead town scientist.,2024-08-16,96.0
134,341,3.0,Prove century could important fear thought.,2024-04-17,124.0
468,296,5.0,Ball since form learn federal enough travel others window.,2025-08-28,46.0
149,392,5.0,Church job new usually agent customer decision.,2025-09-16,132.0
458,15,5.0,Bag happen court soldier cultural lot occur with.,2025-04-12,127.0
256,232,1.0,Ready deal create ten capital whom.,2025-11-05,46.0
355,464,2.0,Ten bring four note there message rule woman.,2025-09-22,55.0
251,191,1.0,Really manage relate create notice program cold call.,2025-07-25,178.0
250,201,3.0,Police reveal within seat claim attorney center.,2025-01-16,93.0
312,221,2.0,Whole technology its take network skin morning large.,2024-11-06,50.0
142,72,4.0,Clearly must rich degree might production provide throughout cell.,2024-11-29,76.0
439,73,2.0,Hot at thus product.,2025-05-26,44.0
67,345,5.0,Especially difficult simple pay thing maintain suddenly try simply.,2025-04-07,65.0
12,197,3.0,Effect push player until indicate discuss play table want.,2024-03-19,122.0
156,271,2.0,Visit wrong create goal middle finish year establish.,2024-02-09,93.0
477,65,4.0,Provide money site lawyer south he born big class either.,2024-03-03,168.0
452,446,2.0,View approach however minute party bring air relate fact themselves.,2024-02-27,175.0
293,316,4.0,Also generation population skin check bit employee.,2025-08-18,161.0
90,363,3.0,Seat city high reach see magazine certain surface write occur.,2025-05-04,91.0
407,227,2.0,Possible per run raise.,2024-10-28,88.0
488,357,4.0,Mind magazine result night history involve.,2023-11-23,171.0
92,125,1.0,Tv believe anything best surface stay.,2025-09-05,163.0
51,252,5.0,Professional those student decision draw end include other term.,2025-03-08,83.0
129,148,5.0,White marriage answer head audience within.,2025-07-20,103.0
310,67,5.0,Most these plan practice history speech school situation.,2024-05-08,74.0
462,455,5.0,Break bed care gun imagine probably.,2024-02-19,76.0
308,483,3.0,Last citizen organization story yourself policy movie media use prove.,2025-01-14,79.0
43,231,3.0,Write at their now white foreign how.,2025-08-13,151.0
114,53,1.0,Paper today foot money large pattern parent.,2025-10-24,57.0
257,314,3.0,Build senior help figure forget girl.,2024-11-30,48.0
163,429,2.0,Current world form this perform.,2025-05-31,177.0
272,455,1.0,Take show identify accept.,2025-06-09,34.0
376,378,1.0,Article space democratic finally.,2023-12-16,89.0
250,229,1.0,These keep animal exist real leg.,2025-08-27,180.0
299,203,1.0,Exactly young phone stay interest themselves expert.,2024-09-07,89.0
25,37,4.0,Trip enjoy exist president accept glass store.,2025-10-01,103.0
188,495,3.0,Board son wife issue ahead capital.,2024-07-24,103.0
417,201,5.0,Never military air place gun stand sell under identify leave see.,2025-06-29,102.0
179,467,1.0,Hair rather serve nation light.,2024-06-14,81.0
276,40,4.0,Couple floor maybe example see church up seven him stop.,2025-08-22,149.0
33,433,2.0,Necessary best two training season west deal.,2024-12-25,81.0
92,337,4.0,,2023-12-10,142.0
428,410,3.0,Address boy whom instead.,2024-09-13,106.0
45,378,5.0,Model space issue trade reveal thus person job.,2025-07-03,153.0
280,211,3.0,Make attention talk father may guess account stock break.,2025-01-12,71.0
314,407,,Give hotel beautiful ready room mother piece near arrive.,2024-01-28,147.0
60,148,5.0,Body chance player stand pressure factor.,2024-03-10,81.0
209,196,2.0,Parent medical executive teach too though near action stay Mr.,2023-11-15,94.0
321,333,3.0,Short adult local over huge especially set just raise effect entire.,2024-09-15,152.0
409,458,4.0,Cost reflect specific require husband hair cup inside.,2024-07-11,33.0
256,180,5.0,Kid factor interesting people happen discover.,2025-02-12,79.0
363,409,5.0,Item finish forget old light.,2025-06-04,172.0
104,56,4.0,Can yet experience fear smile laugh.,2024-03-23,39.0
279,468,1.0,Strategy mother avoid technology central before government.,2024-07-15,67.0
328,304,5.0,She Congress drop middle cost base.,2023-11-22,73.0
248,412,3.0,Situation movement again middle five forget trial.,2024-10-30,94.0
142,470,4.0,Two side form person second maintain station identify sound far.,2023-11-23,57.0
263,413,5.0,Education set structure big line decide party.,2023-12-18,94.0
34,141,2.0,Together special write last particularly ability indicate chance occur simple available.,2023-12-11,107.0
124,194,4.0,Sit air know give see cover respond of.,2025-07-03,124.0
153,373,2.0,Rich program scene arm food condition because.,2024-03-03,139.0
28,38,2.0,Marriage through memory finally deal outside.,2025-06-07,84.0
146,318,3.0,Floor buy none win care be note shake book.,2024-01-02,176.0
356,87,3.0,Author suddenly begin company night moment.,2025-11-04,117.0
425,443,5.0,Play certain ask perhaps.,2024-11-24,39.0
68,134,4.0,Attorney job amount none total.,2024-09-02,51.0
462,277,3.0,Audience stuff street group decide machine summer green pass wrong.,2024-05-16,116.0
260,284,2.0,Tend study seven bit and state medical.,2024-09-20,131.0
93,400,1.0,Chance Mrs fast sit year alone against travel.,2025-02-23,133.0
300,4,1.0,Enjoy smile particularly true surface suddenly.,2023-12-02,97.0
498,273,2.0,Ask manager foot through almost.,2025-01-06,159.0
360,202,2.0,You manager can sign watch feeling everything.,2025-05-18,55.0
17,109,1.0,Generation two wife once start owner national writer current.,2024-09-25,118.0
197,378,2.0,Paper who personal office agent school whose work investment style check.,2024-10-27,117.0
279,220,1.0,Member across rich today lay president draw third company.,2025-01-14,58.0
118,139,2.0,Newspaper purpose without none suggest job author court yourself.,2024-05-27,104.0
295,52,3.0,Entire particularly north finally deal.,2024-11-19,55.0
43,274,5.0,Region financial whole science bill change.,2025-11-01,140.0
296,196,3.0,Once they method PM wear take.,2025-01-19,67.0
162,385,4.0,Nothing color today blood today position.,2025-09-27,161.0
350,397,4.0,Poor positive want which.,2024-05-12,101.0
445,470,2.0,Whether artist soldier finally rock speak wish drop.,2023-12-06,153.0
375,469,2.0,Campaign test air character modern it according.,2024-03-04,45.0
365,237,2.0,All exist man sense federal face this decide finish ever.,2024-05-10,177.0
402,238,2.0,Option consider plan artist.,2025-09-13,103.0
326,176,1.0,Need rock fill article deal trouble within as stuff.,2024-11-13,139.0
71,429,4.0,Low at again morning from here author suggest garden down.,2024-12-11,41.0
199,230,1.0,Direction less watch chance movement almost charge.,2025-01-31,37.0
42,44,3.0,Far feeling over win trip might issue college.,2025-02-01,81.0
374,426,5.0,Pretty cultural goal open move small yet seek.,2024-09-29,125.0
63,279,1.0,Own if itself future here development interview trouble.,2025-03-05,63.0
74,20,1.0,Kind image including adult note store form my.,2023-11-12,134.0
294,141,2.0,Entire evidence possible physical character toward today.,2025-07-22,81.0
424,101,3.0,Traditional civil her onto our feel would total lose.,2024-07-15,66.0
156,433,3.0,Pretty keep manager country step why to reality ago today.,2025-10-11,100.0
473,426,3.0,Condition near require power meet finish technology test alone.,2025-01-23,157.0
200,55,4.0,Not simple either buy reduce control whatever I.,2024-12-14,179.0
138,417,1.0,,2025-03-30,147.0
281,226,1.0,Several defense always thank most need start practice live.,2025-08-09,168.0
434,269,2.0,Save table positive anyone opportunity.,2025-09-07,121.0
182,109,2.0,Site reason test home ahead several area ask program.,2024-07-31,47.0
81,428,1.0,Market fast employee then try how edge actually.,2025-02-07,88.0
255,386,1.0,Read design surface development happen performance him return energy.,2024-04-04,76.0
365,203,5.0,May parent fight off product office yourself argue usually.,2023-12-01,95.0
97,137,5.0,Example drug get will financial stock nor hold.,2023-12-22,54.0
166,49,4.0,Decade several place country deal conference several whose.,2023-12-22,132.0
50,344,5.0,Bring able born environment huge continue cause trip avoid adult.,2025-10-21,53.0
36,165,2.0,Loss company require scene perhaps each another agency last similar.,2025-02-14,49.0
294,423,4.0,Performance free take line real size detail.,2025-05-31,86.0
155,358,1.0,Health move enough create difference around smile rich property media.,2024-01-09,143.0
393,441,3.0,Never site political article firm performance.,2024-11-16,36.0
140,497,1.0,Project far onto law project direction can official.,2024-04-07,73.0
477,332,2.0,One also strategy explain little live order entire.,2024-12-25,48.0
364,454,2.0,Everybody focus wish least few program think tonight admit trip.,2024-08-14,106.0
344,403,1.0,Industry section it north phone cup southern rest site card.,2024-06-19,55.0
477,30,1.0,Degree might voice pull inside seat let important institution but.,2025-03-26,47.0
285,138,2.0,Hard author laugh course education similar individual other.,2024-03-15,141.0
138,23,4.0,Official behavior situation kind either necessary sister foreign.,2024-07-07,33.0
239,224,1.0,Business late professor four think call car choose consumer simple.,2025-11-06,177.0
272,40,2.0,Region machine debate pretty her blood.,2024-04-22,89.0
349,203,1.0,Sound sing system view task during.,2024-12-09,149.0
59,269,3.0,Song treatment yet together board seat whom.,2024-04-02,58.0
160,289,2.0,Represent feeling nation become artist magazine wait point meet.,2025-09-17,97.0
329,240,3.0,Political rich church point bit occur read no strong.,2024-12-14,155.0
61,7,1.0,Special increase certain expert common reach agency option hear.,,46.0
235,201,5.0,Possible quite together hot door responsibility.,2024-07-20,161.0
65,373,4.0,Could water under technology building become hot pattern seat.,2024-03-24,42.0
439,155,2.0,Little season relate sport either these camera.,2024-06-08,87.0
402,498,5.0,Animal expert any close clear nor parent science school.,2025-04-08,145.0
135,36,3.0,Your debate nor consumer eye themselves attack.,2025-10-03,114.0
244,339,3.0,Security stand development open.,2025-10-08,174.0
379,243,4.0,Prove back well economy speak machine prevent.,2025-05-03,144.0
87,416,1.0,Similar morning city rock goal live major woman.,2024-11-29,68.0
489,362,1.0,Have popular like senior take voice final special.,2024-10-25,98.0
257,408,5.0,Show blood design difficult almost include lead.,2024-05-09,113.0
124,70,2.0,Imagine air practice soldier force available north tell decade model.,2025-02-26,62.0
170,67,1.0,Fire fear impact stand goal forget common.,2025-10-22,84.0
359,303,4.0,Open least buy agency box.,2025-07-03,45.0
38,245,2.0,Center long against attention thank free above magazine quality.,2025-11-07,105.0
303,158,1.0,Piece the third subject hot serious soon officer arrive beyond.,2024-01-04,60.0
332,202,1.0,Picture image bill total smile.,2024-09-26,114.0
174,264,4.0,Care author might lot summer seek recently happen answer floor.,2024-12-03,112.0
287,122,2.0,Large herself color she Mrs see seat big artist management today.,2024-06-05,155.0
483,47,2.0,Lot issue significant indeed with meeting matter employee event page machine.,2025-08-28,61.0
123,471,3.0,Late lot century guy strategy large relationship home action.,2025-07-03,99.0
58,24,4.0,After rule through across meeting evidence.,2024-06-20,145.0
407,456,1.0,World fill heart plan watch unit oil.,2024-12-08,39.0
331,205,4.0,Fight buy themselves compare blue machine those.,2025-06-12,119.0
192,130,4.0,Foreign none start rich cup.,2024-06-16,170.0
89,236,3.0,Task score affect behind.,2024-03-11,151.0
394,388,5.0,Operation account ago personal debate way hot marriage later.,2025-01-24,119.0
269,387,1.0,Street left common rate imagine performance take protect paper another.,2024-08-07,59.0
500,242,5.0,Voice because between wrong lead both most.,2024-01-21,162.0
112,204,3.0,Not enough around race coach at increase training lead.,2024-03-19,89.0
410,186,2.0,Show recognize apply color look senior more.,2025-09-26,83.0
66,378,4.0,Them however yourself different agency finally institution.,2024-04-25,65.0
487,290,2.0,Buy plan forward technology service conference gas nearly begin.,2024-09-06,111.0
29,185,1.0,Can necessary machine kind behind family trouble.,2025-02-01,33.0
137,470,2.0,Reveal support for enough produce.,2024-03-07,135.0
311,214,5.0,Dream challenge media off strong.,2025-05-10,171.0
408,361,2.0,Opportunity hope serve hotel some customer.,2024-12-06,42.0
99,449,3.0,Field feeling accept situation best debate on huge four far.,2024-01-25,118.0
85,452,5.0,Condition knowledge answer dog like production also left.,2024-09-06,123.0
361,40,3.0,Read next while high music baby least politics certain.,2024-02-27,173.0
406,28,3.0,Owner local alone check window wall girl wall society picture.,2025-01-03,49.0
279,409,4.0,Son lead character teach simple teach picture collection.,2024-09-06,60.0
473,385,4.0,Manage foot hold chair involve just.,2025-07-11,45.0
403,293,2.0,Over recently per stock health together guy ground Democrat main.,2025-09-08,97.0
169,408,5.0,Thousand admit Mr case live forward company.,2025-11-04,49.0
81,265,1.0,Your coach difficult guy those range arm election.,2023-11-11,79.0
314,118,4.0,Trouble bring better character policy four remember really option others player.,2024-08-25,60.0
86,255,3.0,Soldier establish main close seat thousand gun.,2025-11-02,48.0
258,417,5.0,Lawyer need now experience rate then imagine.,2025-07-12,55.0
451,371,1.0,Suggest choose commercial citizen important.,2025-07-09,151.0
361,307,1.0,Real education especially rest to head.,2023-12-26,156.0
16,354,1.0,Method he last today agree.,2024-03-30,101.0
182,168,4.0,Even leader term small act else fly learn question feeling.,2024-03-05,144.0
481,438,2.0,Institution safe thing same executive.,2025-05-25,144.0
341,395,1.0,Test each music level girl game outside on.,2024-04-19,131.0
465,208,3.0,Develop similar at late less detail know cause.,2024-11-16,45.0
435,438,2.0,Cell particular suddenly art defense.,2025-02-06,31.0
22,227,1.0,Argue plant follow stand capital PM strategy tough push apply.,2024-10-21,150.0
4,460,4.0,Specific federal industry attorney say city.,2025-04-27,51.0
435,121,4.0,Consider people drive produce western sort.,2024-04-17,150.0
451,313,5.0,Sister above live southern ball old business they.,2025-05-05,91.0
47,93,1.0,Long follow eat must effect.,2025-03-22,90.0
439,70,5.0,Return chance too participant six not sense information away.,2025-06-26,152.0
455,358,2.0,Fund some sea government hour knowledge add movie.,2025-04-14,130.0
157,182,1.0,Blue field body personal hour various call growth.,2024-08-14,44.0
344,372,4.0,Own exactly Democrat walk white.,2025-04-13,119.0
336,104,4.0,Together special western old stand.,2025-10-25,135.0
392,420,5.0,Watch relationship sometimes participant easy this.,2025-09-04,103.0
460,45,5.0,Skill year themselves experience little lead sure parent task quality result.,2025-04-03,50.0
123,493,1.0,Quite dream spring wait subject who magazine sing.,2025-07-29,34.0
176,358,2.0,Order people need ok image field of reduce.,2024-12-02,133.0
254,299,2.0,Beyond music whether bed lose population today explain control.,2024-09-16,177.0
428,446,3.0,Successful notice there condition audience change edge light group prepare.,2023-11-28,154.0
107,139,4.0,Record court bank carry action expert cup still suffer.,2025-06-23,125.0
11,290,1.0,Clear mean along night poor.,2025-08-27,41.0
412,178,4.0,Question toward accept too pay top how ability direction.,2024-11-25,171.0
390,435,2.0,Within oil keep case pay beyond reveal management little.,2024-07-05,111.0
274,274,5.0,Wait answer population capital card candidate.,2024-12-01,180.0
88,193,4.0,Collection enter exist model baby around story today.,2024-04-21,64.0
95,283,2.0,Brother apply guess kid hold happen laugh.,2024-12-13,41.0
54,448,3.0,American seek class order.,2024-11-21,86.0
140,117,2.0,Crime mention court market tree tend grow while as.,2024-04-19,114.0
234,89,4.0,We onto by executive art join sit increase.,2024-07-14,38.0
71,250,4.0,Lawyer man best raise discover listen catch much.,2024-05-10,81.0
216,414,4.0,Central might particularly usually modern born also less quality data.,2025-09-01,94.0
160,400,3.0,Support central late home better likely direction.,2023-11-19,168.0
10,149,4.0,Election area father above should question cup interest.,2025-08-25,100.0
172,34,3.0,Walk send television foot religious common hour about economy.,2025-08-01,152.0
315,125,2.0,Moment nothing attack medical could new.,2025-03-11,86.0
331,215,1.0,Around dinner create nice debate task message.,2025-09-09,67.0
74,420,3.0,House inside where edge him.,2024-08-10,160.0
53,125,3.0,Trouble show reality sing kind receive property plant news.,2024-11-29,60.0
356,302,5.0,Site find weight drive customer federal.,2024-02-10,54.0
379,475,4.0,Rate try investment look see.,2025-03-17,161.0
347,271,3.0,Have brother investment until worry.,2025-03-10,53.0
315,138,2.0,Sit address represent feel her itself especially including.,2025-11-08,144.0
436,287,5.0,Place them record result something protect PM.,2025-05-24,41.0
204,318,3.0,So single note either.,2024-06-22,88.0
473,89,3.0,Owner effort popular article growth education eat lead there executive.,2024-11-09,166.0
223,144,1.0,Left order nature choice American game staff city something past.,2024-04-23,112.0
25,368,5.0,Trial study half time role drive weight simply list policy team.,2025-03-27,122.0
277,246,1.0,Consider go itself evening call tend.,2025-06-10,140.0
417,119,5.0,May whose find quite end.,2024-10-26,65.0
110,274,4.0,Discover while girl responsibility many.,2024-02-04,70.0
321,96,1.0,Film apply improve system share own now.,2024-03-26,165.0
114,373,2.0,Bank front central record friend professional size put among nor.,2025-04-11,35.0
105,420,3.0,Edge time anyone education member.,2025-02-21,119.0
228,418,2.0,Top likely through determine nor.,2024-08-05,38.0
97,317,4.0,Yet game officer good official understand last give responsibility.,2024-03-17,105.0
130,221,2.0,Eight democratic feeling positive me everyone serve worker.,2024-01-14,62.0
360,196,1.0,Interest career drop situation model.,2025-10-04,101.0
67,97,5.0,Recent better owner contain choose a.,2024-10-23,157.0
251,275,5.0,Continue sort very ago space certain.,2024-01-06,135.0
72,225,2.0,Decision sea program of matter.,2025-02-09,168.0
69,28,5.0,Campaign try lose college leave mouth though figure.,2023-12-28,102.0
13,317,2.0,Either environmental evening read center will race.,2024-02-10,146.0
241,243,5.0,Money hotel effort before wind way prepare stock teach.,2023-11-26,102.0
302,61,2.0,Skin debate myself kitchen push new already six design.,2025-09-30,38.0
149,323,3.0,Individual money step share father baby put later door.,2025-08-14,104.0
255,300,3.0,Opportunity audience boy tough amount set occur.,2025-10-08,136.0
382,108,4.0,Member practice people physical include list.,2023-11-13,39.0
212,493,3.0,System bad economy more some light perhaps.,2025-08-23,152.0
108,237,1.0,Present sure hard science skill age grow.,2025-04-16,130.0
303,230,1.0,Subject quite old election health half morning key.,2025-02-25,37.0
202,340,2.0,Impact more something partner generation return garden paper.,2024-07-19,129.0
264,69,1.0,Generation century name evidence remember born under owner impact whole.,2025-06-19,99.0
151,426,1.0,City wear before I authority almost west.,2024-06-04,64.0
198,371,5.0,Job scientist management save standard probably camera present chair movement.,2024-01-19,48.0
412,483,5.0,Here field coach stand happy money step feel store reveal.,2023-11-13,31.0
158,407,1.0,When great fine name join door character main.,2025-01-27,124.0
13,114,2.0,Fish role poor contain above that American second water.,2025-06-11,
269,363,4.0,Political although recently red wait.,2024-11-17,125.0
394,386,5.0,Fund space realize too particular best type production must yard.,2025-09-15,171.0
368,258,2.0,At when scene protect the conference attorney.,2024-12-11,74.0
434,154,1.0,Trip imagine manager remember exist scene data.,2024-12-18,80.0
235,404,1.0,Decade simple at religious oil own turn discuss.,2023-12-23,134.0
478,261,5.0,Out book assume continue others room such.,2023-11-16,173.0
390,311,1.0,Garden something member improve it I occur great.,2024-10-30,155.0
337,384,1.0,Improve marriage thus on anyone.,2025-10-29,47.0
255,49,3.0,Place better magazine among represent try last specific cup bag.,2025-03-21,122.0
352,439,5.0,Candidate cover grow police should firm which attention recent chance.,2024-04-08,97.0
259,169,5.0,So investment attention start other successful human partner.,2024-08-12,120.0
203,302,2.0,Quite require agree two into when.,2025-08-23,87.0
15,188,2.0,Purpose material easy fight sea change.,2025-08-23,165.0
35,273,4.0,Agree sing kind president available form Congress morning piece.,2025-03-15,143.0
359,9,3.0,Indicate article public hospital national evening claim people stand.,2024-10-24,167.0
379,303,3.0,Support worry tax interest data.,2025-04-02,40.0
249,186,3.0,Could property heavy a woman your pressure though.,2023-11-28,59.0
95,384,2.0,History phone four civil might church best authority.,2025-06-27,126.0
457,184,5.0,Ball heavy instead help remain I least whose.,2024-10-28,107.0
133,302,3.0,Quickly shake sure forget name social agency miss.,2024-10-12,59.0
439,405,2.0,Total eye two water.,2024-09-12,179.0
419,292,4.0,Thousand maintain add citizen suggest per.,2024-03-08,144.0
447,142,4.0,When benefit wife method part science energy along wear.,2025-02-01,171.0
218,251,5.0,Morning phone then threat cover town sound charge discuss magazine.,2024-12-05,45.0
174,47,1.0,Throw trip candidate medical education ever agreement rock.,2023-12-01,151.0
236,240,5.0,Population talk hit animal leave and standard town.,2024-12-08,119.0
25,387,3.0,Five authority explain build.,2024-11-26,42.0
339,349,2.0,Almost especially consider write teach.,2025-07-07,58.0
398,237,5.0,Herself charge technology half especially late remain my price note bring.,2025-02-25,139.0
283,3,2.0,Beat little man know carry available.,2024-06-26,132.0
121,45,5.0,Door happen college certain hotel evidence forward mean across wide.,2025-08-01,33.0
211,87,3.0,Light these care including professor indicate.,2025-04-29,130.0
327,490,1.0,Bad ball else prevent face.,2025-02-14,50.0
143,40,2.0,Travel difficult member into say behind us maintain trouble.,2025-05-13,101.0
384,448,1.0,White senior necessary effort ground young crime.,2025-03-14,160.0
145,72,2.0,Eight entire learn wrong attorney democratic whole return structure.,2025-04-22,176.0
137,159,2.0,Him middle know well tend if main.,2025-03-10,37.0
53,138,3.0,Draw inside lawyer full yet.,2025-08-05,165.0
14,195,5.0,Already up benefit name little follow every imagine.,2024-08-11,44.0
352,442,2.0,Term do think party figure not natural.,2024-11-14,169.0
152,243,3.0,Direction not be itself art picture operation.,2024-12-05,176.0
28,288,4.0,Again trouble group time push clearly.,2024-02-11,80.0
232,361,4.0,Away end concern happy owner put firm.,2024-03-15,142.0
317,193,3.0,Dinner to discussion mother capital.,2024-12-02,129.0
495,204,1.0,Would student anything military law offer.,2024-07-20,119.0
238,408,5.0,Card large history number allow citizen their TV.,2024-11-23,175.0
300,367,1.0,Worker stock her find stuff push.,2024-12-27,85.0
477,430,1.0,Home cause and response dinner arm especially record.,2025-09-21,86.0
463,364,3.0,Form some anyone form son quite.,2024-04-27,140.0
162,212,3.0,Prevent item discuss already community same television.,2023-12-07,170.0
446,336,1.0,Tree career begin be light.,2025-05-13,149.0
126,253,5.0,Network lot term language property.,2023-12-23,94.0
23,375,5.0,Officer beautiful concern activity use speech before note early these.,2024-12-23,64.0
247,367,1.0,Across decision money only order back culture.,2025-09-12,63.0
455,319,4.0,Such worry perform change run.,2023-11-12,142.0
21,130,2.0,Follow clear possible baby sound ever audience mouth.,2025-04-01,50.0
102,156,1.0,Street nice this item field conference.,2024-10-26,132.0
22,219,1.0,Community them them house say.,2024-09-30,169.0
69,319,3.0,Trial own between life trip edge skill hit.,2024-08-08,147.0
433,124,5.0,Head from act marriage south.,2025-05-17,45.0
238,437,4.0,Among believe big agreement appear that live.,2024-07-19,120.0
225,390,5.0,Show end clear say national.,2025-08-10,174.0
80,116,2.0,Industry down expert treat year two your new with.,2024-03-08,151.0
375,78,2.0,There down phone tough.,2025-10-28,55.0
104,133,5.0,My physical their attorney themselves free.,2025-03-25,120.0
97,90,2.0,Set station certainly campaign mention nation real.,2025-08-03,64.0
19,244,5.0,Floor woman increase area Republican free company stuff fish training.,2025-03-12,75.0
206,278,1.0,Admit project letter us week city threat.,2024-08-02,137.0
75,335,5.0,Car moment statement least try size table response free this.,2025-03-27,70.0
457,425,2.0,Their must lot approach decade school since water.,2024-02-03,160.0
296,28,1.0,Crime you network bit conference.,2024-10-27,35.0
91,476,1.0,Suffer design subject east because tough present.,2025-06-17,141.0
27,39,4.0,Apply two safe trial western.,2025-06-18,44.0
302,409,5.0,Same person technology bit finally probably child low author.,2025-01-18,111.0
200,271,2.0,Those figure program better continue item large public there good.,2025-06-12,147.0
176,132,3.0,Serious southern candidate leg off culture just.,2024-03-10,61.0
44,226,1.0,Account power this western tax ever skill much consumer teacher sister.,2024-07-21,179.0
242,39,2.0,Culture news positive mouth magazine sort mean table central.,2024-05-27,151.0
49,49,1.0,Center run world past reveal scene drug.,2024-06-24,95.0
122,69,2.0,Point former again discover cut next executive.,2025-02-05,87.0
436,471,,Compare but hand write prepare door act hot.,2024-06-24,62.0
18,258,4.0,Authority doctor sense friend require issue them yet idea.,2025-02-04,38.0
298,90,3.0,Word run do evening sure standard defense player.,2024-04-05,77.0
191,257,3.0,Attention toward deep there here civil hear race attack technology.,2024-04-13,111.0
369,275,1.0,Opportunity quite child never often month family south herself much.,2024-02-09,148.0
255,461,1.0,Training begin interesting where situation soldier all modern.,2024-02-19,99.0
444,198,4.0,Weight our federal thought become series record pattern.,2025-05-12,179.0
265,310,3.0,Like model reality simple book dog model area wear bit why.,2024-03-04,167.0
144,318,2.0,Should interesting whom huge language east want.,2023-12-16,52.0
133,340,2.0,Situation quickly outside true role reality dark determine us.,2024-11-16,90.0
134,415,1.0,Defense change member discuss he image five garden.,2025-03-21,119.0
99,266,3.0,Seven cell husband score almost because institution.,2024-04-03,122.0
134,11,3.0,Dinner certainly ten game market.,2025-09-23,172.0
443,457,2.0,Notice relate debate per speech whole third tough.,2025-03-22,115.0
331,429,4.0,Design seem south onto.,2025-01-18,33.0
64,176,5.0,Live key go speech challenge run gun upon.,2024-08-13,122.0
279,149,5.0,Again police tell practice able professional source stuff.,2024-08-31,33.0
138,299,5.0,Example history citizen what collection successful.,2024-06-17,174.0
409,390,1.0,Better discuss could professor almost.,2024-08-26,116.0
14,36,1.0,Figure expect indeed if product own black decision white.,2025-02-16,110.0
86,235,5.0,Use their use sort person.,2025-11-06,60.0
282,62,4.0,Safe pressure agree door list up choice.,2025-02-26,143.0
180,452,3.0,Media government understand same.,2024-02-26,135.0
95,81,3.0,Eight look read thing say around.,2025-06-02,43.0
426,130,5.0,Operation eight professional where federal consider wide remain.,2025-07-14,34.0
275,76,5.0,Spend occur need place threat government condition man.,2024-01-08,47.0
231,489,2.0,Must approach movement consider about.,2025-11-08,148.0
462,245,2.0,Baby discuss such some half television fight.,2024-06-02,78.0
410,252,1.0,Blue according low back property.,2024-10-28,153.0
293,335,1.0,In surface necessary product much yet important PM.,2025-07-20,39.0
144,214,4.0,Cost like possible rate beautiful.,2024-03-18,177.0
158,434,3.0,Computer total girl home which real.,2025-09-06,95.0
223,5,1.0,Article subject gas computer never.,2024-01-29,57.0
373,179,3.0,Actually with news toward involve cause middle crime nice decide worker.,2025-02-10,165.0
94,41,5.0,Fly arm history turn question cup.,2025-03-20,152.0
63,453,5.0,While right military into southern market.,2025-04-05,169.0
325,22,2.0,Big father require against rich them pay as.,2024-06-21,126.0
37,346,4.0,Protect hair gas clear network point section.,2024-01-27,81.0
378,487,2.0,Interesting contain campaign however have list customer adult group around.,2023-12-04,151.0
77,465,1.0,Ever onto performance might buy others over pattern.,2025-02-15,140.0
135,141,4.0,Blood campaign there card memory.,2024-04-13,56.0
201,195,4.0,Case expert car win general second rule.,2024-09-21,52.0
82,299,2.0,Partner oil leader but art expert.,2024-08-08,86.0
418,397,5.0,His water run concern talk leave floor history where concern.,2025-07-03,36.0
10,125,4.0,Opportunity race staff reduce put perhaps set hard.,2024-08-24,163.0
378,465,1.0,Believe investment both community agency worry training article tax address.,2024-02-23,144.0
400,65,5.0,Meet go news small security adult into nature president tax.,2025-04-05,43.0
385,401,2.0,Too store middle why in only method front.,2025-08-18,61.0
304,295,2.0,Enough meeting production attorney.,2024-05-19,112.0
326,67,1.0,Ground anyone guy beyond thus image.,2025-04-06,104.0
333,425,1.0,Some television international management wind top matter science.,2025-11-10,75.0
190,349,2.0,Impact prove where side democratic second sign hotel receive Republican.,2024-06-04,125.0
48,162,5.0,Cold onto already president approach official chair leader single never.,2024-04-22,125.0
411,313,5.0,Six discover rest piece which discussion blood reflect meet cold.,2025-09-26,101.0
312,203,4.0,Administration performance school outside field during cover deal within.,2024-08-16,105.0
306,72,3.0,Into everyone information mission family east production free.,2024-01-29,173.0
114,455,4.0,Blue mouth friend value between product open.,2024-04-04,154.0
247,196,1.0,Enter available someone choice central five seat price loss.,2025-03-25,101.0
256,185,1.0,Thing need other pattern put back attention worker citizen section.,2025-08-28,40.0
75,370,4.0,Point door apply once continue skin artist surface thank.,2024-07-09,33.0
457,381,2.0,Nothing responsibility able effect after hit perhaps.,2024-04-18,78.0
42,309,5.0,Recent leg throughout out camera teacher happen part discussion affect.,2024-09-28,58.0
312,314,5.0,Step board too them board discover half return.,2025-09-12,87.0
341,32,2.0,Child figure today green eight help establish up specific.,2025-02-04,143.0
361,209,4.0,Peace yes century film left support right.,2023-12-06,74.0
55,357,2.0,Accept return great leader make reach successful enough onto.,2024-09-13,130.0
207,89,2.0,Board economic year task lot indeed adult.,2025-01-09,161.0
467,477,1.0,Wonder night international threat court it despite knowledge again.,2025-06-29,72.0
186,117,1.0,Sort establish total people we quite economy standard.,2024-08-31,174.0
497,447,1.0,Nearly garden discover more whether.,2024-12-15,111.0
466,86,3.0,More suggest now center spring too night trip.,2023-12-10,49.0
271,403,4.0,Fear thought current whether apply central.,2025-05-21,48.0
92,25,3.0,Party growth onto road Democrat lead.,2024-05-15,78.0
23,23,3.0,Once paper deal fire recently ago.,2024-11-23,161.0
373,171,5.0,More letter know exactly thank thousand most trade.,2024-05-23,122.0
205,255,4.0,Series gas leg society speech ready poor boy idea base.,2024-08-04,126.0
96,304,5.0,Young our suggest step door.,2023-12-08,53.0
471,183,5.0,Table take would conference around surface science.,2025-04-23,152.0
288,375,1.0,Accept likely pretty keep simply water oil power wide building also.,2024-08-13,142.0
65,258,1.0,Full physical concern court and discover real at white stuff tonight.,2024-04-27,120.0
69,44,4.0,Peace easy bar writer message before pretty rise reflect.,2024-12-09,65.0
274,157,2.0,Section area size care hold but clearly.,2024-03-28,121.0
253,443,5.0,Improve move subject speech simply until before front whom big.,2024-04-11,124.0
82,334,1.0,Else whole sing natural economy treatment beat individual.,2024-06-30,96.0
171,104,3.0,Law at collection run five cover mean writer.,2024-06-20,121.0
481,141,3.0,West quality common military per risk build raise describe.,2025-06-10,107.0
464,139,4.0,Good now fine deal the company put year money clearly.,2024-09-11,77.0
373,97,1.0,Activity second much necessary minute.,2024-08-14,65.0
408,265,1.0,Million chance this my meeting use property employee town.,2025-03-23,55.0
384,118,5.0,Need upon former politics star management just better.,2024-02-27,130.0
365,289,4.0,Begin degree cut team hundred them worker.,2023-12-07,59.0
323,56,1.0,Growth pay more process term.,2024-10-14,101.0
431,337,1.0,Fact second per attack.,2025-06-06,31.0
111,125,3.0,Compare determine affect matter opportunity book lot her.,2024-05-30,143.0
487,383,2.0,Certain lose catch every role ahead.,2024-12-12,117.0
488,98,2.0,Knowledge protect yet really others mind hit hot.,2025-06-11,133.0
308,329,2.0,Rather week yeah scene challenge ask development.,2025-08-03,90.0
288,14,2.0,Democratic contain reduce somebody need grow car case.,2025-05-26,161.0
296,451,1.0,Five few watch somebody full time necessary professional around.,2025-06-27,99.0
442,346,1.0,Although get specific century professor firm indeed once make very.,2023-11-18,90.0
352,477,5.0,Lead all five arrive attention resource.,2025-01-08,84.0
122,342,2.0,Woman dark whose avoid certain.,2024-10-03,116.0
21,414,4.0,Exactly parent view example under almost from person campaign.,2024-06-16,44.0
64,300,1.0,Collection push fine hour model direction meeting.,2024-03-18,157.0
469,379,5.0,Prepare these human friend special history station news.,2024-02-23,171.0
250,189,4.0,Agreement economy my often Republican pick growth thus turn very threat.,2025-05-13,129.0
449,119,2.0,Everybody happy reason adult here draw agent use.,2024-05-02,82.0
459,423,2.0,Sister upon nothing risk teach practice a scene.,2024-08-23,149.0
148,22,5.0,,2025-08-22,170.0
233,20,1.0,Heavy the material save amount red agency.,2024-12-28,164.0
325,464,4.0,Security professor serious require three yeah.,2025-01-24,58.0
372,145,3.0,Stay fear activity structure add development.,2025-05-31,99.0
57,226,5.0,Account PM specific computer personal positive.,2024-03-25,89.0
196,370,1.0,Consider growth method against.,2025-07-21,110.0
263,470,2.0,Group ask Republican off student enjoy.,2024-01-13,97.0
117,209,4.0,Enjoy recent her black many.,2024-10-17,96.0
238,291,4.0,There star use set occur no actually.,2025-05-02,177.0
301,300,4.0,Degree high draw kitchen land ready.,2023-11-25,120.0
93,491,1.0,Second create three fund environmental particular size nor join.,2025-04-02,121.0
166,461,1.0,Majority year program allow change test play high suffer rule.,2024-01-09,169.0
395,301,2.0,Operation head general make this admit close senior.,2024-09-06,36.0
107,215,5.0,Hand standard from hear final entire top production.,2025-03-20,89.0
463,323,1.0,Kind believe risk he management state sign decide.,2024-12-06,99.0
391,310,4.0,Watch skin why market guy.,2024-12-14,83.0
143,298,1.0,Method pressure performance figure space analysis.,2024-01-30,116.0
477,25,1.0,Key miss help agree finish task.,2024-08-08,79.0
476,108,3.0,Amount song Democrat herself learn race idea pressure father young hear.,2025-07-06,154.0
326,174,1.0,Science fast over modern summer.,2023-11-21,92.0
408,172,3.0,Answer rather ten hospital quite such development.,2025-10-16,116.0
24,60,5.0,Ok fly attention respond.,2024-09-10,82.0
195,193,4.0,Price of dinner industry finish success.,2024-06-05,103.0
217,254,1.0,Leave stock news watch beautiful vote phone more yeah ability.,2025-01-28,52.0
206,387,4.0,Ever certain church dark force.,2024-07-01,90.0
109,466,1.0,Much and draw star at food way easy institution.,2025-01-06,118.0
69,300,4.0,Bill production glass establish plant the.,2024-02-07,71.0
201,261,2.0,Property public change seek news important like whom.,2023-11-12,164.0
142,458,1.0,Look shake those defense stay newspaper impact board.,2024-05-07,126.0
224,426,4.0,Enjoy action learn once certain compare threat.,2024-11-18,138.0
282,115,3.0,Somebody activity draw than throughout strategy total pressure receive.,2025-08-04,51.0
469,51,1.0,Cause mention age minute agreement successful.,2024-03-26,177.0
69,294,1.0,Pick person modern could improve.,2025-02-02,81.0
442,135,5.0,Consumer type a various exactly account population eye you recognize.,2024-12-19,31.0
278,149,5.0,Small head seem north agency treat.,2025-03-07,167.0
364,99,4.0,Parent current note close computer rise successful glass.,2025-04-03,139.0
281,445,2.0,Arm character watch candidate work story.,2023-12-14,138.0
364,399,4.0,Around nature behind forget church political majority whom I chair.,2025-02-16,179.0
336,107,2.0,Gas account he he certain author number if window.,2024-02-29,166.0
146,24,4.0,Agreement foreign lead claim it economy possible someone.,2025-10-04,66.0
215,254,1.0,Cover response our short cell each fly majority stage certainly.,2024-10-23,119.0
296,170,5.0,Go whose lead person name.,2025-04-09,135.0
